league,journee,home,away,odd_1,odd_x,odd_2,odd_g,odd_ng,ft_home,ft_away,result_1x2,result_gng,exact_score
French League,28,Lorient,Angers,1.85,3.52,4.27,1.79,2.00,2,0,1,NG,2-0
French League,28,Rennes,Nice,1.94,3.52,3.82,1.71,2.11,0,0,X,NG,0-0
French League,28,Metz,Monaco,4.07,4.59,1.68,1.40,2.89,1,3,2,G,1-3
French League,28,Strasbourg,Lille,2.60,3.15,2.79,1.81,1.97,0,2,2,NG,0-2
French League,28,Le Havre,Toulouse,4.22,3.54,1.85,1.77,2.02,2,2,X,G,2-2
French League,28,Lens,Nantes,1.47,4.11,7.22,2.05,1.75,1,0,1,NG,1-0
French League,28,Paris SG,Brest,1.41,5.23,6.27,1.55,2.41,2,0,1,NG,2-0
French League,28,Marseille,Auxerre,1.33,5.50,7.96,1.72,2.09,0,0,X,NG,0-0
French League,28,Lyon,Paris FC,1.79,3.69,4.35,1.72,2.09,1,0,1,NG,1-0
