match_id,journee,league,home,away,odd_1,odd_x,odd_2,dc_1x,dc_x2,dc_12,ht_1,ht_x,ht_2,ht_dc_1x,ht_dc_x2,ht_dc_12,gg_yes,gg_no,result_1x2,score
J1_01,1,French Virtual League,Nantes,Rennes,3.14,3.26,2.30,1.57,1.32,1.30,4.27,1.88,3.19,1.30,1.18,1.83,1.76,2.03,X,2-2
J1_02,1,French Virtual League,Monaco,Lille,2.06,3.40,3.57,1.26,1.71,1.28,2.92,1.90,4.71,1.15,1.35,1.80,1.73,2.07,2,0-1
J1_03,1,French Virtual League,Lens,Auxerre,1.44,4.55,6.86,1.07,2.69,1.17,1.99,2.24,7.54,1.06,1.73,1.58,1.81,1.97,2,1-2
J1_04,1,French Virtual League,Paris SG,Brest,1.40,5.29,6.47,1.08,2.86,1.13,1.89,2.55,6.32,1.08,1.82,1.45,1.58,2.35,X,1-1
J1_05,1,French Virtual League,Toulouse,Lorient,1.99,3.65,3.53,1.26,1.76,1.25,2.80,2.03,4.36,1.18,1.38,1.71,1.60,2.29,1,3-1
J1_06,1,French Virtual League,Le Havre,Nice,4.95,3.55,1.74,2.03,1.14,1.26,6.16,1.94,2.49,1.47,1.09,1.77,1.90,1.87,X,0-0
J1_07,1,French Virtual League,Angers,Paris FC,3.62,3.36,2.06,1.71,1.25,1.29,4.59,1.88,3.03,1.33,1.16,1.83,1.77,2.02,2,0-2
J1_08,1,French Virtual League,Lyon,Strasbourg,1.73,4.04,4.26,1.19,2.04,1.21,2.35,2.18,5.10,1.13,1.53,1.61,1.56,2.38,X,2-2
J1_09,1,French Virtual League,Marseille,Metz,1.16,7.72,14.52,NULL,4.95,1.05,1.49,3.06,12.13,NULL,2.45,1.33,2.05,1.75,X,1-1
